eval_set,model_name,size,mode,instances,avg_cost,single_customer_cost,avg_waiting,avg_cvr,feasibility_rate,avg_solver_runtime_s,robustness_std,avg_route_count,avg_vehicles_excess
universal_v1_test,static100,200,static,9,8219.141329275237,41.095706646376186,3096.6769114865197,0.0,1.0,0.38306921111112996,0.0,19.22222222222222,0.0
universal_v1_test,universal,200,static,9,8667.884069575204,43.33942034787602,3633.1312537458207,0.0,1.0,0.3747082555556618,0.0,19.22222222222222,0.0
