{
  "aggregate": {
    "common_clean_100": {
      "static100": {
        "100": {
          "eval_set": "common_clean_100",
          "model_name": "static100",
          "size": "100",
          "mode": "static",
          "instances": 2,
          "avg_cost": 3904.4957818984985,
          "single_customer_cost": 39.04495781898498,
          "avg_waiting": 2367.545454144478,
          "avg_cvr": 0.0,
          "feasibility_rate": 1.0,
          "avg_solver_runtime_s": 0.1960678000000371,
          "robustness_std": 0.0,
          "avg_route_count": 5.0,
          "avg_vehicles_excess": 0.0,
          "project_avg_cost": 3904.4957818984985,
          "project_avg_cvr": 0.0,
          "project_feasibility_rate": 1.0
        }
      },
      "universal": {
        "100": {
          "eval_set": "common_clean_100",
          "model_name": "universal",
          "size": "100",
          "mode": "static",
          "instances": 2,
          "avg_cost": 4258.803178548813,
          "single_customer_cost": 42.58803178548813,
          "avg_waiting": 2800.0859138965607,
          "avg_cvr": 0.0,
          "feasibility_rate": 1.0,
          "avg_solver_runtime_s": 0.2048854500003472,
          "robustness_std": 0.0,
          "avg_route_count": 5.0,
          "avg_vehicles_excess": 0.0,
          "project_avg_cost": 4258.803178548813,
          "project_avg_cvr": 0.0,
          "project_feasibility_rate": 1.0
        }
      }
    }
  },
  "per_instance": [
    {
      "instance": "c202",
      "source": "C:\\Users\\86136\\Desktop\\code\\RL\\SVRP\\solomon\\100\\c202.txt",
      "routes": [
        [
          0,
          75,
          91,
          72,
          96,
          83,
          85,
          82,
          7,
          3,
          98,
          1,
          2,
          5,
          21,
          52,
          50,
          48,
          57,
          40,
          44,
          46,
          59,
          51,
          47,
          43,
          42,
          41,
          78,
          8,
          90,
          87,
          0
        ],
        [
          0,
          93,
          74,
          99,
          100,
          97,
          94,
          92,
          95,
          26,
          34,
          37,
          31,
          58,
          60,
          18,
          19,
          16,
          14,
          45,
          15,
          17,
          13,
          25,
          9,
          11,
          12,
          77,
          0
        ],
        [
          0,
          49,
          55,
          54,
          4,
          89,
          88,
          84,
          86,
          76,
          71,
          70,
          73,
          80,
          79,
          81,
          10,
          0
        ],
        [
          0,
          67,
          63,
          62,
          61,
          64,
          66,
          69,
          68,
          65,
          53,
          56,
          28,
          23,
          0
        ],
        [
          0,
          20,
          22,
          24,
          27,
          30,
          29,
          6,
          32,
          33,
          35,
          38,
          39,
          36,
          0
        ]
      ],
      "total_distance": 1604.208390712738,
      "total_travel_time": 1604.208390712738,
      "waiting_time": 2036.046326637268,
      "service_time": 9000.0,
      "total_cost": 3640.254717350006,
      "late_minutes": 0.0,
      "time_window_violations": 0,
      "capacity_violations": 0,
      "vehicles_excess": 0,
      "route_count": 5,
      "route_loads": [
        490.0,
        600.0,
        270.0,
        220.0,
        230.0
      ],
      "route_durations": [
        3360.7263507843018,
        3178.280704021454,
        2959.363648414612,
        1763.5286750793457,
        1378.355339050293
      ],
      "served_customers": [
        1,
        2,
        3,
        4,
        5,
        6,
        7,
        8,
        9,
        10,
        11,
        12,
        13,
        14,
        15,
        16,
        17,
        18,
        19,
        20,
        21,
        22,
        23,
        24,
        25,
        26,
        27,
        28,
        29,
        30,
        31,
        32,
        33,
        34,
        35,
        36,
        37,
        38,
        39,
        40,
        41,
        42,
        43,
        44,
        45,
        46,
        47,
        48,
        49,
        50,
        51,
        52,
        53,
        54,
        55,
        56,
        57,
        58,
        59,
        60,
        61,
        62,
        63,
        64,
        65,
        66,
        67,
        68,
        69,
        70,
        71,
        72,
        73,
        74,
        75,
        76,
        77,
        78,
        79,
        80,
        81,
        82,
        83,
        84,
        85,
        86,
        87,
        88,
        89,
        90,
        91,
        92,
        93,
        94,
        95,
        96,
        97,
        98,
        99,
        100
      ],
      "missing_customers": [],
      "duplicate_visits": 0,
      "vehicle_capacity": 700.0,
      "vehicle_count": 25,
      "feasible": true,
      "cvr": 0.0,
      "runtime": 0.0005688999999620137,
      "benchmark_total_cost": 3640.254717350006,
      "benchmark_cvr": 0.0,
      "benchmark_feasible": true,
      "solver_runtime_s": 0.19882309999957215,
      "project_total_cost": 3640.254717350006,
      "project_cvr": 0.0,
      "project_feasible": true,
      "eval_set": "common_clean_100",
      "model_name": "static100",
      "checkpoint": "checkpoints\\static_100_v2_full_best.pt",
      "size": "100",
      "mode": "static",
      "num_customers": 100
    },
    {
      "instance": "c203",
      "source": "C:\\Users\\86136\\Desktop\\code\\RL\\SVRP\\solomon\\100\\c203.txt",
      "routes": [
        [
          0,
          75,
          89,
          90,
          86,
          83,
          81,
          73,
          71,
          85,
          82,
          91,
          7,
          3,
          98,
          1,
          2,
          5,
          21,
          29,
          24,
          20,
          63,
          61,
          96,
          70,
          80,
          79,
          72,
          78,
          77,
          87,
          48,
          0
        ],
        [
          0,
          52,
          34,
          32,
          31,
          51,
          50,
          60,
          59,
          54,
          57,
          46,
          47,
          43,
          53,
          56,
          58,
          40,
          37,
          28,
          45,
          26,
          19,
          16,
          18,
          42,
          41,
          14,
          12,
          0
        ],
        [
          0,
          27,
          30,
          99,
          100,
          95,
          94,
          92,
          97,
          4,
          88,
          84,
          23,
          15,
          17,
          13,
          25,
          9,
          11,
          10,
          8,
          0
        ],
        [
          0,
          93,
          67,
          62,
          74,
          64,
          66,
          69,
          68,
          65,
          49,
          55,
          44,
          76,
          0
        ],
        [
          0,
          22,
          6,
          33,
          35,
          38,
          39,
          36,
          0
        ]
      ],
      "total_distance": 1469.6922647953033,
      "total_travel_time": 1469.6922647953033,
      "waiting_time": 2699.0445816516876,
      "service_time": 9000.0,
      "total_cost": 4168.736846446991,
      "late_minutes": 0.0,
      "time_window_violations": 0,
      "capacity_violations": 0,
      "vehicles_excess": 0,
      "route_count": 5,
      "route_loads": [
        520.0,
        540.0,
        390.0,
        210.0,
        150.0
      ],