eval_set,model_name,size,mode,instances,avg_cost,single_customer_cost,avg_waiting,avg_cvr,feasibility_rate,avg_solver_runtime_s,robustness_std,avg_route_count,avg_vehicles_excess
universal_v1_test,static100,600,static,39,45523.45048563297,75.87241747605495,22090.846558476107,0.0,1.0,1.5719502794872124,0.0,56.84615384615385,0.0
universal_v1_test,universal,600,static,39,45711.712183182055,76.18618697197009,21981.853533439145,0.0,1.0,1.6332751820512221,0.0,57.82051282051282,0.0
