eval_set,model_name,size,mode,instances,avg_cost,single_customer_cost,avg_waiting,avg_cvr,feasibility_rate,avg_solver_runtime_s,robustness_std,avg_route_count,avg_vehicles_excess
universal_v1_test,static100,800,static,39,80226.02696210299,100.28253370262874,40030.31043959581,0.0,1.0,1.6718224641026143,0.0,76.87179487179488,0.0
universal_v1_test,universal,800,static,39,80654.85268088793,100.81856585110991,40104.84661435164,0.0,1.0,1.6693226256413767,0.0,78.41025641025641,0.0
